{"cameraMode":{"drawMode":0,"name":"Shaded","section":"Shading Mode"},"sceneLighting":false,"audioPlay":false,"sceneViewState":{"showFog":true,"showMaterialUpdate":false,"showSkybox":true,"showFlares":true,"showImageEffects":true,"showParticleSystems":true},"in2DMode":false,"pivot":{"x":181.8965606689453,"y":-9.819681167602539,"z":139.0851287841797},"rotation":{"x":0.07317201048135758,"y":0.700615406036377,"z":-0.07260867208242417,"w":0.7060537934303284},"size":350.8555603027344,"orthographic":false}